URL,Name,Head Synonym,Compound Name,CAS Number,Molecular Weight,Formula,Appearance,Assay,Specific Gravity,Refractive Index,Melting Point,Boiling Point,Flash Point,Odor Type,Odor Strength
https://www.thegoodscentscompany.com/data/rw1056361.html,"1,8-cineole",eucalyptol,"4,7,7-trimethyl-8-oxabicyclo[2.2.2]octane",470-82-6,154.25266000,C10 H18 O,colorless clear liquid (est),98.00 to 100.00,0.91900 to 0.92100 @  25.00 °C.,1.44800 to 1.45100 @  20.00 °C.,1.00 to    2.00 °C. @  760.00 mm Hg,"176.00 to  177.00 °C. @  760.00 mm Hg, 90.00 to   91.00 °C. @  760.00 mm Hg",122.00 °F. TCC (   50.00 °C. ),herbal,"high ,recommend smelling in a 10.00 % solution or less"
https://www.thegoodscentscompany.com/data/rw1009291.html,"2,3,5,6-tetramethyl pyrazine","2,3,5,6-tetramethylpyrazine","2,3,5,6-tetramethylpyrazine",1124-11-4,136.19764000,C8 H12 N2,white crystals (est),95.00 to 100.00,Tidak ditemukan,Tidak ditemukan,85.00 to   90.00 °C. @  760.00 mm Hg,190.00 °C. @  760.00 mm Hg,> 200.00 °F. TCC ( >  93.33 °C. ),nutty,Tidak ditemukan
https://www.thegoodscentscompany.com/data/rw1012941.html,"2,3,5-trimethyl pyrazine","2,3,5-trimethylpyrazine","2,3,5-trimethylpyrazine",14667-55-1,122.17070000,C7 H10 N2,colorless to pale yellow clear liquid (est),98.00 to 100.00,0.96500 to 0.98500 @  25.00 °C.,1.49000 to 1.51000 @  20.00 °C.,Tidak ditemukan,171.00 to  172.00 °C. @  760.00 mm Hg,130.00 °F. TCC (   54.44 °C. ),nutty,"high ,recommend smelling in a 0.01 % solution or less"
https://www.thegoodscentscompany.com/data/rw1008121.html,"2,3-dimethyl pyrazine","2,3-dimethylpyrazine","2,3-dimethylpyrazine",5910-89-4,108.14376000,C6 H8 N2,colorless to pale yellow clear liquid (est),95.00 to 100.00,0.99700 to 1.03000 @  25.00 °C.,1.50100 to 1.51000 @  20.00 °C.,Tidak ditemukan,155.00 to  157.00 °C. @  760.00 mm Hg,128.00 °F. TCC (   53.33 °C. ),nutty,"high ,recommend smelling in a 0.10 % solution or less"
https://www.thegoodscentscompany.com/data/rw1014711.html,acetyl butyryl,"2,3-hexanedione","hexane-2,3-dione",3848-24-6,114.14410000,C6 H10 O2,yellow clear liquid (est),96.00 to 100.00,0.92600 to 0.93600 @  25.00 °C.,1.40600 to 1.41600 @  20.00 °C.,-30.00 °C. @  760.00 mm Hg,128.00 °C. @  760.00 mm Hg,83.00 °F. TCC (   28.33 °C. ),buttery,"high ,recommend smelling in a 1.00 % solution or less"
https://www.thegoodscentscompany.com/data/rw1003991.html,acetyl propionyl,"2,3-pentadione","pentane-2,3-dione",600-14-6,100.11716000,C5 H8 O2,yellow to yellow green clear liquid (est),96.00 to 100.00,Tidak ditemukan,Tidak ditemukan,-52.00 to  -51.00 °C. @  760.00 mm Hg,108.00 to  112.00 °C. @  760.00 mm Hg,66.00 °F. TCC (   18.89 °C. ),buttery,"high ,recommend smelling in a 1.00 % solution or less"
https://www.thegoodscentscompany.com/data/rw1008141.html,"2,5-dimethyl pyrazine","2,5-dimethylpyrazine","2,5-dimethylpyrazine",123-32-0,108.14376000,C6 H8 N2,colorless to pale yellow clear liquid (est),98.00 to 100.00,0.98000 to 1.00000 @  25.00 °C.,1.49700 to 1.50100 @  20.00 °C.,15.00 °C. @  760.00 mm Hg,154.00 to  156.00 °C. @  760.00 mm Hg,130.00 °F. TCC (   54.44 °C. ),chocolate,Tidak ditemukan
https://www.thegoodscentscompany.com/data/rw1008151.html,"2,6-dimethyl pyrazine","2,6-dimethylpyrazine","2,6-dimethylpyrazine",108-50-9,108.14376000,C6 H8 N2,white to yellow crystals (est),98.00 to 100.00,Tidak ditemukan,Tidak ditemukan,37.00 to   48.00 °C. @  760.00 mm Hg,154.00 to  155.00 °C. @  760.00 mm Hg,127.00 °F. TCC (   52.78 °C. ),chocolate,"medium ,recommend smelling in a 10.00 % solution or less"
https://www.thegoodscentscompany.com/data/rw1012201.html,2-acetyl pyrazine,1-pyrazin-2-ylethanone,1-pyrazin-2-ylethanone,22047-25-2,122.12702000,C6 H6 N2 O,white to pale yellow crystalline powder (est),99.00 to 100.00,Tidak ditemukan,Tidak ditemukan,76.00 to   78.00 °C. @  760.00 mm Hg,188.00 to  190.00 °C. @  760.00 mm Hg,> 212.00 °F. TCC ( > 100.00 °C. ),popcorn,"very high ,recommend smelling in a 0.10 % solution or less"
https://www.thegoodscentscompany.com/data/rw1028421.html,2-acetyl pyrrole,methyl 2-pyrrolyl ketone,1-(1H-pyrrol-2-yl)ethanone,1072-83-9,109.12799000,C6 H7 N O,beige to yellowish crystals (est),97.00 to 100.00,Tidak ditemukan,Tidak ditemukan,87.00 to   93.00 °C. @  760.00 mm Hg,220.00 °C. @  760.00 mm Hg,> 212.00 °F. TCC ( > 100.00 °C. ),musty,Tidak ditemukan
https://www.thegoodscentscompany.com/data/rw1025671.html,2-acetyl thiazole,2-acetylthiazole,"1-(1,3-thiazol-2-yl)ethanone",24295-03-2,127.16605000,C5 H5 N O S,colorless to yellow clear oily liquid (est),98.00 to 100.00 sum of isomers,1.21900 to 1.22600 @  25.00 °C.,1.54200 to 1.55200 @  20.00 °C.,Tidak ditemukan,"89.00 to   91.00 °C. @   12.00 mm Hg, 212.00 to  215.00 °C. @  760.00 mm Hg",173.00 °F. TCC (   78.33 °C. ),popcorn,"very high ,recommend smelling in a 0.10 % solution or less"
https://www.thegoodscentscompany.com/data/rw1027731.html,2-acetyl-5-methyl furan,1-(5-methylfuran-2-yl)ethanone,1-(5-methylfuran-2-yl)ethanone,1193-79-9,124.13916000,C7 H8 O2,yellow to orange clear liquid (est),99.00 to 100.00,1.06600 to 1.07200 @  20.00 °C.,1.51100 to 1.51700 @  20.00 °C.,Tidak ditemukan,"100.00 to  101.00 °C. @   25.00 mm Hg, 71.00 to   72.00 °C. @    8.00 mm Hg",175.00 °F. TCC (   79.44 °C. ),nutty,"high ,recommend smelling in a 0.10 % solution or less"
https://www.thegoodscentscompany.com/data/rw1426461.html,"2-ethyl-3,5(or 6)-dimethyl pyrazine","2-ethyl-3,?-dimethylpyrazine","3-ethyl-3,6-dimethyl-2H-pyrazine",27043-05-6,136.19764000,C8 H12 N2,Tidak ditemukan,Tidak ditemukan,Tidak ditemukan,Tidak ditemukan,Tidak ditemukan,Tidak ditemukan,Tidak ditemukan,burnt,Tidak ditemukan
https://www.thegoodscentscompany.com/data/rw1017841.html,filbert pyrazine,2-ethyl-3-methylpyrazine,2-ethyl-3-methylpyrazine,15707-23-0,122.17070000,C7 H10 N2,colorless to pale yellow clear liquid (est),97.00 to 100.00,0.97800 to 0.98800 @  25.00 °C.,1.50200 to 1.50500 @  20.00 °C.,Tidak ditemukan,"57.00 °C. @   10.00 mm Hg, 169.00 to  171.00 °C. @  760.00 mm Hg",138.00 °F. TCC (   58.89 °C. ),nutty,Tidak ditemukan
https://www.thegoodscentscompany.com/data/rw1008451.html,furfuryl mercaptan,2-furanmethanethiol,furan-2-ylmethanethiol,98-02-2,114.16702000,C5 H6 O S,colorless to pale yellow clear oily liquid (est),97.00 to 100.00,1.12500 to 1.13500 @  20.00 °C.,1.52700 to 1.54200 @  20.00 °C.,Tidak ditemukan,"154.00 to  155.00 °C. @  760.00 mm Hg, 147.00 °C. @   12.00 mm Hg",113.00 °F. TCC (   45.00 °C. ),coffee,Tidak ditemukan
https://www.thegoodscentscompany.com/data/rw1025621.html,2-heptanol,amyl methyl carbinol,heptan-2-ol,543-49-7,116.20372000,C7 H16 O,colorless clear liquid (est),97.00 to 100.00 sum of isomers,0.81400 to 0.82400 @  25.00 °C.,1.41400 to 1.42400 @  20.00 °C.,Tidak ditemukan,160.00 to  162.00 °C. @  760.00 mm Hg,148.00 °F. TCC (   64.44 °C. ),citrus,Tidak ditemukan
https://www.thegoodscentscompany.com/data/rw1002111.html,2-heptanone,methyl amyl ketone,heptan-2-one,110-43-0,114.18778000,C7 H14 O,colorless clear liquid (est),95.00 to 100.00,0.81400 to 0.81900 @  25.00 °C.,1.40800 to 1.41500 @  20.00 °C.,-26.90 °C. @  760.00 mm Hg,"149.00 to  150.00 °C. @  760.00 mm Hg, 151.00 °C. @    2.60 mm Hg",117.00 °F. TCC (   47.22 °C. ),cheesy,"high ,recommend smelling in a 10.00 % solution or less"
https://www.thegoodscentscompany.com/data/rw1005381.html,tropical thiazole,2-isopropyl-4-methylthiazole,"4-methyl-2-propan-2-yl-1,3-thiazole",15679-13-7,141.23667000,C7 H11 N S,yellow clear liquid (est),96.00 to 100.00,0.99700 to 1.00300 @  25.00 °C.,1.49400 to 1.50400 @  20.00 °C.,Tidak ditemukan,"92.00 °C. @   50.00 mm Hg, 175.00 °C. @  760.00 mm Hg",137.00 °F. TCC (   58.33 °C. ),fruity,Tidak ditemukan
https://www.thegoodscentscompany.com/data/rw1013601.html,2-isobutyl-3-methoxypyrazine,2-methoxy-3-isobutylpyrazine,2-methoxy-3-(2-methylpropyl)pyrazine,24683-00-9,166.22378000,C9 H14 N2 O,colorless to pale yellow clear liquid (est),95.00 to 100.00,0.99250 to 1.00250 @  25.00 °C.,1.48900 to 1.49700 @  20.00 °C.,Tidak ditemukan,214.00 to  215.00 °C. @  760.00 mm Hg,176.00 °F. TCC (   80.00 °C. ),green,Tidak ditemukan
https://www.thegoodscentscompany.com/data/rw1017841.html,filbert pyrazine,2-ethyl-3-methylpyrazine,2-ethyl-3-methylpyrazine,15707-23-0,122.17070000,C7 H10 N2,colorless to pale yellow clear liquid (est),97.00 to 100.00,0.97800 to 0.98800 @  25.00 °C.,1.50200 to 1.50500 @  20.00 °C.,Tidak ditemukan,"57.00 °C. @   10.00 mm Hg, 169.00 to  171.00 °C. @  760.00 mm Hg",138.00 °F. TCC (   58.89 °C. ),nutty,Tidak ditemukan
https://www.thegoodscentscompany.com/data/rw1035411.html,fish thiol,2-methyl-3-furanthiol,2-methylfuran-3-thiol,28588-74-1,114.16702000,C5 H6 O S,orange or orange pink clear liquid (est),95.00 to 100.00,1.14100 to 1.15000 @  25.00 °C.,1.50900 to 1.53000 @  20.00 °C.,Tidak ditemukan,57.00 to   60.00 °C. @   44.00 mm Hg,98.00 °F. TCC (   36.67 °C. ),sulfurous,Tidak ditemukan
https://www.thegoodscentscompany.com/data/rw1524961.html,2-tropical oxathiane,"2-methyl-4-propyl-1,3-oxathiane","2-methyl-4-propyl-1,3-oxathiane",67715-80-4,160.27972000,C8 H16 O S,colorless to pale yellow clear liquid (est),95.00 to 100.00 sum of isomers,Tidak ditemukan,Tidak ditemukan,Tidak ditemukan,"200.00 to  201.00 °C. @  760.00 mm Hg, 89.00 to   90.00 °C. @   12.00 mm Hg",122.00 °F. TCC (   50.00 °C. ),tropical,"high ,recommend smelling in a 1.00 % solution or less"
https://www.thegoodscentscompany.com/data/rw1059521.html,2-methyl-1-butanol,2-methylbutan-1-ol,2-methylbutan-1-ol,137-32-6,88.14984000,C5 H12 O,colorless clear liquid (est),99.00 to 100.00 sum of isomers,0.81500 to 0.82000 @  25.00 °C.,1.40900 to 1.41200 @  20.00 °C.,Tidak ditemukan,128.00 to  130.00 °C. @  760.00 mm Hg,110.00 °F. TCC (   43.33 °C. ),ethereal,medium
https://www.thegoodscentscompany.com/data/rw1056421.html,2-methyl butyric acid,2-methylbutyric acid,2-methylbutanoic acid,116-53-0,102.13310000,C5 H10 O2,colorless to pale yellow clear liquid (est),98.00 to 100.00,0.92900 to 0.93700 @  25.00 °C.,1.40100 to 1.40800 @  20.00 °C.,Tidak ditemukan,176.00 to  177.00 °C. @  760.00 mm Hg,165.00 °F. TCC (   73.89 °C. ),acidic,"medium ,recommend smelling in a 10.00 % solution or less"
https://www.thegoodscentscompany.com/data/rw1046591.html,tiglyl alcohol,2-methylbut-2-en-1-ol,Tidak ditemukan,4675-87-0,86.13390000,C5 H10 O,colorless clear liquid (est),95.00 to 100.00,0.86300 to 0.86900 @  25.00 °C.,1.43900 to 1.44500 @  20.00 °C.,Tidak ditemukan,137.00 °C. @  760.00 mm Hg,122.00 °F. TCC (   50.00 °C. ),green,Tidak ditemukan
https://www.thegoodscentscompany.com/data/rw1006481.html,2-methyl-2-pentenoic acid,strawberiff (IFF),2-methylpent-2-enoic acid,3142-72-1,114.14410000,C6 H10 O2,colorless to pale yellow liquid to crystalline solid (est),98.00 to 100.00,0.97900 to 0.98700 @  20.00 °C.,1.45700 to 1.46200 @  20.00 °C.,24.00 to   26.00 °C. @  760.00 mm Hg,"123.00 to  125.00 °C. @   30.00 mm Hg, 112.00 °C. @   12.00 mm Hg",226.00 °F. TCC (  107.78 °C. ),acidic,"medium ,recommend smelling in a 10.00 % solution or less"
https://www.thegoodscentscompany.com/data/rw1046991.html,2-methyl-3-(methyl thio) pyrazine,2-methylthio-3-methylpyrazine,2-methyl-3-methylsulfanylpyrazine,2882-20-4,140.20876000,C6 H8 N2 S,Tidak ditemukan,99.00 to 100.00 sum of isomers,1.13300 to 1.15300 @  25.00 °C.,1.57000 to 1.59000 @  20.00 °C.,Tidak ditemukan,"85.00 to   87.00 °C. @   10.00 mm Hg, 213.00 to  214.00 °C. @  760.00 mm Hg",210.00 °F. TCC (   98.89 °C. ),nutty,Tidak ditemukan
https://www.thegoodscentscompany.com/data/rw1009911.html,phenyl acetic acid,phenylacetic acid,2-phenylacetic acid,103-82-2,136.15016000,C8 H8 O2,white crystalline powder (est),99.00 to 100.00,Tidak ditemukan,Tidak ditemukan,76.00 to   78.00 °C. @  760.00 mm Hg,"265.00 to  266.00 °C. @  760.00 mm Hg, 142.00 to  143.00 °C. @   10.00 mm Hg",212.00 °F. TCC (  100.00 °C. ),honey,"high ,recommend smelling in a 10.00 % solution or less"
https://www.thegoodscentscompany.com/data/rw1010031.html,phenethyl acetate,"acetic acid, 2-phenylethyl ester",2-phenylethyl acetate,103-45-7,164.20404000,C10 H12 O2,colorless clear liquid (est),98.00 to 100.00,1.02900 to 1.03700 @  20.00 °C.,1.49600 to 1.50200 @  20.00 °C.,-31.10 °C. @  760.00 mm Hg,238.00 to  239.00 °C. @  760.00 mm Hg,221.00 °F. TCC (  105.00 °C. ),floral,medium
https://www.thegoodscentscompany.com/data/rw1049571.html,isopropyl mercaptan,2-propanethiol,propane-2-thiol,75-33-2,76.16176000,C3 H8 S,colorless clear liquid (est),98.00 to 100.00,0.81400 to 0.81900 @  25.00 °C.,1.42800 to 1.43400 @  20.00 °C.,-131.00 °C. @  760.00 mm Hg,57.00 to   60.00 °C. @  760.00 mm Hg,-29.00 °F. TCC (  -33.89 °C. ),alliaceous,"very high ,recommend smelling in a 0.01 % solution or less"
https://www.thegoodscentscompany.com/data/rw1007401.html,isopropyl alcohol,isopropanol,propan-2-ol,67-63-0,60.09596000,C3 H8 O,colorless clear liquid (est),99.00 to 100.00,0.77800 to 0.78900 @  25.00 °C.,1.36700 to 1.37800 @  20.00 °C.,-83.00 to  -81.00 °C. @  760.00 mm Hg,"82.00 to   83.00 °C. @  760.00 mm Hg, 38.00 to   39.00 °C. @  100.00 mm Hg",53.00 °F. TCC (   11.67 °C. ),alcoholic,"medium ,recommend smelling in a 10.00 % solution or less"
https://www.thegoodscentscompany.com/data/rw1021151.html,2-undecanone,nonyl methyl ketone,undecan-2-one,112-12-9,170.29554000,C11 H22 O,colorless to pale yellow clear liquid (est),98.00 to 100.00,0.82200 to 0.82600 @  25.00 °C.,1.42800 to 1.43200 @  20.00 °C.,11.00 to   14.00 °C. @  760.00 mm Hg,"231.00 to  232.00 °C. @  760.00 mm Hg, 140.00 to  141.00 °C. @   50.00 mm Hg",192.00 °F. TCC (   88.89 °C. ),fruity,medium
https://www.thegoodscentscompany.com/data/rw1026481.html,3-hexanol,ethyl propyl carbinol,hexan-3-ol,623-37-0,102.17678000,C6 H14 O,colorless clear liquid (est),97.00 to 100.00,0.81800 to 0.82200 @  20.00 °C.,1.41400 to 1.41800 @  20.00 °C.,Tidak ditemukan,133.00 to  135.00 °C. @  760.00 mm Hg,107.00 °F. TCC (   41.67 °C. ),alcoholic,Tidak ditemukan
https://www.thegoodscentscompany.com/data/rw1056411.html,isovaleric acid,3-methylbutyric acid,3-methylbutanoic acid,503-74-2,102.13310000,C5 H10 O2,colorless to pale yellow clear liquid (est),95.00 to 100.00,0.92300 to 0.92800 @  25.00 °C.,1.40100 to 1.40500 @  20.00 °C.,-29.00 °C. @  760.00 mm Hg,175.00 to  177.00 °C. @  760.00 mm Hg,159.00 °F. TCC (   70.56 °C. ),cheesy,"high ,recommend smelling in a 1.00 % solution or less"
https://www.thegoodscentscompany.com/data/rw1032261.html,prenol,vertenol (Grau),3-methylbut-2-en-1-ol,556-82-1,86.13390000,C5 H10 O,colorless clear liquid (est),99.00 to 100.00,0.84400 to 0.85200 @  25.00 °C.,1.43800 to 1.44800 @  20.00 °C.,Tidak ditemukan,138.00 to  174.00 °C. @  760.00 mm Hg,110.00 °F. TCC (   43.33 °C. ),fruity,Tidak ditemukan
https://www.thegoodscentscompany.com/data/rw1027901.html,3-octanol,octan-3-ol,octan-3-ol,589-98-0,130.23066000,C8 H18 O,colorless clear liquid (est),97.00 to 100.00,0.81600 to 0.82100 @  25.00 °C.,1.42500 to 1.42900 @  20.00 °C.,-45.00 °C. @  760.00 mm Hg,173.00 to  175.00 °C. @  760.00 mm Hg,150.00 °F. TCC (   65.56 °C. ),earthy,Tidak ditemukan
https://www.thegoodscentscompany.com/data/rw1010172.html,3-phenyl propyl alcohol,3-phenyl-1-propanol,3-phenylpropan-1-ol,122-97-4,136.19384000,C9 H12 O,colorless clear oily liquid (est),98.00 to 100.00,0.99800 to 1.00000 @  25.00 °C.,1.52400 to 1.52800 @  20.00 °C.,-18.00 to  -17.00 °C. @  760.00 mm Hg,"235.00 to  236.00 °C. @  760.00 mm Hg, 145.00 to  146.00 °C. @   50.00 mm Hg",229.00 °F. TCC (  109.44 °C. ),balsamic,medium
https://www.thegoodscentscompany.com/data/rw1029011.html,caramel furanone,"4,5-dimethyl-3-hydroxy-2,5-dihydrofuran-2-one","3-hydroxy-4,5-dimethyl-5H-furan-2-one",28664-35-9,128.12736000,C6 H8 O3,white to pale yellow liquid to solid (est),97.50 to 100.00,Tidak ditemukan,Tidak ditemukan,25.00 to   29.00 °C. @  760.00 mm Hg,"93.00 to   95.00 °C. @    2.00 mm Hg, 81.00 °C. @    6.00 mm Hg",> 212.00 °F. TCC ( > 100.00 °C. ),caramellic,"very high ,recommend smelling in a 0.01 % solution or less"
https://www.thegoodscentscompany.com/data/rw1028451.html,4-ethyl guaiacol,4-ethylguaiacol,4-ethyl-2-methoxyphenol,2785-89-9,152.19304000,C9 H12 O2,colorless to pale yellow clear liquid (est),98.00 to 100.00,1.06100 to 1.06400 @  25.00 °C.,1.52500 to 1.53000 @  20.00 °C.,13.00 to   15.00 °C. @  760.00 mm Hg,"235.00 to  236.00 °C. @  760.00 mm Hg, 82.00 to   85.00 °C. @    1.30 mm Hg",226.00 °F. TCC (  107.78 °C. ),spicy,"medium ,recommend smelling in a 10.00 % solution or less"
https://www.thegoodscentscompany.com/data/rw1029401.html,ketoisophorone,"2,6,6-trimethylcyclohex-2-ene-1,4-dione","2,6,6-trimethylcyclohex-2-ene-1,4-dione",1125-21-9,152.19304000,C9 H12 O2,white to yellowish tan green solid or liquid (est),98.00 to 100.00,0.91800 @  25.00 °C.,1.49100 @  20.00 °C.,23.00 to   28.00 °C. @  760.00 mm Hg,"92.00 to   94.00 °C. @   11.00 mm Hg, 222.00 °C. @  760.00 mm Hg",205.00 °F. TCC (   96.11 °C. ),musty,Tidak ditemukan
https://www.thegoodscentscompany.com/data/rw1023221.html,sulfurol,4-methyl-5-thiazoleethanol,"2-(4-methyl-1,3-thiazol-5-yl)ethanol",137-00-8,143.20893000,C6 H9 N O S,colorless to pale yellow clear oily liquid (est),96.00 to 100.00,1.19200 to 1.21000 @  25.00 °C.,1.54800 to 1.55200 @  20.00 °C.,Tidak ditemukan,"135.00 °C. @    7.00 mm Hg, 279.00 to  281.00 °C. @  760.00 mm Hg",> 230.00 °F. TCC ( > 110.00 °C. ),meaty,Tidak ditemukan
https://www.thegoodscentscompany.com/data/rw1008191.html,para-methyl acetophenone,4'-methylacetophenone,1-(4-methylphenyl)ethanone,122-00-9,134.17790000,C9 H10 O,colorless clear liquid (est),95.00 to 100.00,0.99900 to 1.01000 @  25.00 °C.,1.53200 to 1.53600 @  20.00 °C.,-23.00 to  -24.00 °C. @  760.00 mm Hg,222.00 to  226.00 °C. @  756.00 mm Hg,198.00 °F. TCC (   92.22 °C. ),floral,"medium ,recommend smelling in a 10.00 % solution or less"
https://www.thegoodscentscompany.com/data/rw1008621.html,maple furanone,5-ethyl-3-hydroxy-4-methyl-2(5H)-furanone,5-ethyl-3-hydroxy-4-methyl-5H-furan-2-one,698-10-2,142.15430000,C7 H10 O3,pale yellow to yellow solid or liquid (est),95.00 to 100.00,1.13400 to 1.14400 @  25.00 °C.,1.48600 to 1.49300 @  20.00 °C.,31.00 to   35.00 °C. @  760.00 mm Hg,"102.00 to  103.00 °C. @    0.50 mm Hg, 83.00 to   86.00 °C. @    0.50 mm Hg",201.00 °F. TCC (   93.89 °C. ),caramellic,"very high ,recommend smelling in a 0.01 % solution or less"
https://www.thegoodscentscompany.com/data/rw1035461.html,cocoa hexenal,5-methyl-2-phenyl-2-hexenal,(Z)-5-methyl-2-phenylhex-2-enal,21834-92-4 (Z),188.26972000,C13 H16 O,colorless to yellow clear liquid (est),96.00 to 100.00 sum of isomers,0.97000 to 0.97600 @  25.00 °C.,1.53100 to 1.53600 @  20.00 °C.,Tidak ditemukan,"96.00 to  100.00 °C. @    0.70 mm Hg, 290.00 to  291.00 °C. @  760.00 mm Hg",> 230.00 °F. TCC ( > 110.00 °C. ),chocolate,"medium ,recommend smelling in a 10.00 % solution or less"
https://www.thegoodscentscompany.com/data/rw1012761.html,6-methyl coumarin,6-methylcoumarin,6-methylchromen-2-one,92-48-8,160.17216000,C10 H8 O2,white crystals (est),99.00 to 100.00,Tidak ditemukan,Tidak ditemukan,73.00 to   79.00 °C. @  760.00 mm Hg,303.00 °C. @  725.00 mm Hg,> 230.00 °F. TCC ( > 110.00 °C. ),coconut,"medium ,recommend smelling in a 1.00 % solution or less"
https://www.thegoodscentscompany.com/data/rw1008971.html,coriander heptenol,6-methylhept-5-en-2-ol,6-methylhept-5-en-2-ol,1569-60-4,128.21472000,C8 H16 O,colorless clear liquid (est),95.00 to 100.00,0.84800 to 0.85400 @  25.00 °C.,1.44700 to 1.45300 @  20.00 °C.,Tidak ditemukan,"78.00 °C. @   14.00 mm Hg, 178.00 to  179.00 °C. @  760.00 mm Hg",154.00 °F. TCC (   67.78 °C. ),green,Tidak ditemukan
https://www.thegoodscentscompany.com/data/rw1018301.html,9-decenoic acid,caproleic acid,dec-9-enoic acid,14436-32-9,170.25186000,C10 H18 O2,colorless to pale yellow clear liquid (est),95.00 to 100.00 sum of isomers,0.89300 to 0.91300 @  20.00 °C.,1.44500 to 1.44900 @  20.00 °C.,Tidak ditemukan,"269.00 to  271.00 °C. @  760.00 mm Hg, 95.00 °C. @    0.10 mm Hg",230.00 °F. TCC (  110.00 °C. ),waxy,"medium ,recommend smelling in a 10.00 % solution or less"
https://www.thegoodscentscompany.com/data/rw1019471.html,acetaldehyde,ethylaldehyde,acetaldehyde,75-07-0,44.05308000,C2 H4 O,colorless clear liquid (exp),99.00 to 100.00,0.77600 to 0.78600 @  20.00 °C.,1.32300 to 1.33700 @  20.00 °C.,-125.00 to -123.00 °C. @  760.00 mm Hg,"20.00 to   21.00 °C. @  760.00 mm Hg, -54.00 to  -53.00 °C. @   15.00 mm Hg",-40.00 °F. TCC (  -40.00 °C. ),ethereal,"high ,recommend smelling in a 0.10 % solution or less"
https://www.thegoodscentscompany.com/data/rw1007331.html,acetoin,3-hydroxy-2-butanone,3-hydroxybutan-2-one,513-86-0,88.10616000,C4 H8 O2,colorless to pale yellow liquid to solid (est),96.00 to 100.00,0.99500 to 1.01900 @  25.00 °C.,1.41700 to 1.42200 @  20.00 °C.,90.00 to   91.00 °C. @  760.00 mm Hg,147.00 to  148.00 °C. @  760.00 mm Hg,113.00 °F. TCC (   45.00 °C. ),buttery,"high ,recommend smelling in a 1.00 % solution or less"
https://www.thegoodscentscompany.com/data/rw1097191.html,acetic acid,ethanoic acid,acetic acid,64-19-7,60.05228000,C2 H4 O2,colorless clear liquid (est),95.00 to 100.00,1.04700 to 1.05900 @  25.00 °C.,1.36600 to 1.37600 @  20.00 °C.,16.60 to   16.70 °C. @  760.00 mm Hg,"117.00 to  118.00 °C. @  760.00 mm Hg, 48.00 to   49.00 °C. @   50.00 mm Hg",104.00 °F. TCC (   40.00 °C. ),acidic,"high ,recommend smelling in a 10.00 % solution or less"
https://www.thegoodscentscompany.com/data/rw1000131.html,acetophenone,1-phenyl-1-ethanone,1-phenylethanone,98-86-2,120.15096000,C8 H8 O,colorless to pale yellow clear liquid but solid at low temps (est),98.00 to 100.00,1.02500 to 1.03200 @  25.00 °C.,1.53300 to 1.53600 @  20.00 °C.,19.00 to   20.00 °C. @  760.00 mm Hg,"202.00 to  203.00 °C. @  760.00 mm Hg, 114.00 to  115.00 °C. @   50.00 mm Hg",179.00 °F. TCC (   81.67 °C. ),floral,"high ,recommend smelling in a 1.00 % solution or less"
https://www.thegoodscentscompany.com/data/rw1021051.html,allyl heptanoate,"heptanoic acid, 2-propenyl ester",prop-2-enyl heptanoate,142-19-8,170.25186000,C10 H18 O2,colorless to pale yellow clear liquid (est),99.00 to 100.00,0.88000 to 0.88500 @  25.00 °C.,1.42600 to 1.43000 @  20.00 °C.,Tidak ditemukan,210.00 to  212.00 °C. @  760.00 mm Hg,180.00 °F. TCC (   82.22 °C. ),fruity,medium
https://www.thegoodscentscompany.com/data/rw1000731.html,allyl hexanoate,allyl caproate,prop-2-enyl hexanoate,123-68-2,156.22492000,C9 H16 O2,colorless to pale yellow clear liquid (est),99.00 to  99.90,0.88400 to 0.89200 @  20.00 °C.,1.42200 to 1.42600 @  20.00 °C.,Tidak ditemukan,"185.00 °C. @  760.00 mm Hg, 75.00 to   76.00 °C. @   15.00 mm Hg",151.00 °F. TCC (   66.00 °C. ),fruity,"high ,recommend smelling in a 10.00 % solution or less"
https://www.thegoodscentscompany.com/data/rw1011952.html,alpha-ionone,"3-buten-2-one, 4-(2,6,6-trimethyl-2-cyclohexen-1-yl)-, (3E)-","(E)-4-(2,6,6-trimethyl-1-cyclohex-2-enyl)but-3-en-2-one",127-41-3,192.30160000,C13 H20 O,colorless to pale yellow clear liquid (est),85.00 to 100.00 sum of isomers,0.92800 to 0.93600 @  20.00 °C.,1.49700 to 1.50200 @  20.00 °C.,Tidak ditemukan,"131.00 °C. @   13.00 mm Hg, 237.00 to  238.00 °C. @  760.00 mm Hg",> 230.00 °F. TCC ( > 110.00 °C. ),floral,"medium ,recommend smelling in a 10.00 % solution or less"
https://www.thegoodscentscompany.com/data/rw1009891.html,alpha-phellandrene,"p-mentha-1,5-diene","2-methyl-5-propan-2-ylcyclohexa-1,3-diene",99-83-2,136.23752000,C10 H16,colorless to pale yellow clear liquid (est),95.00 to 100.00,0.83500 to 0.86500 @  25.00 °C.,1.47100 to 1.47700 @  20.00 °C.,Tidak ditemukan,"175.00 to  176.00 °C. @  760.00 mm Hg, 93.00 to   94.00 °C. @   50.00 mm Hg",117.00 °F. TCC (   47.22 °C. ),terpenic,"medium ,recommend smelling in a 10.00 % solution or less"
https://www.thegoodscentscompany.com/data/rw1006351.html,alpha-pinene,DL-pin-2(3)-ene,"4,7,7-trimethylbicyclo[3.1.1]hept-3-ene",80-56-8,136.23752000,C10 H16,colorless to pale yellow clear liquid (est),97.00 to 100.00 sum of isomers,0.85400 to 0.86200 @  20.00 °C.,1.46400 @  25.00 °C.,-64.00 to  -62.00 °C. @  760.00 mm Hg,"155.00 to  156.00 °C. @  760.00 mm Hg, 72.00 to   73.00 °C. @   50.00 mm Hg",90.00 °F. TCC (   32.22 °C. ),herbal,"high ,recommend smelling in a 10.00 % solution or less"
https://www.thegoodscentscompany.com/data/rw1016031.html,alpha-terpinene,"p-mentha-1,3-diene","1-methyl-4-propan-2-ylcyclohexa-1,3-diene",99-86-5,136.23752000,C10 H16,colorless to pale yellow clear oily liquid (est),89.00 to 100.00,0.83300 to 0.83800 @  25.00 °C.,1.47500 to 1.48000 @  20.00 °C.,Tidak ditemukan,173.00 to  175.00 °C. @  760.00 mm Hg,115.00 °F. TCC (   46.11 °C. ),woody,"medium ,recommend smelling in a 10.00 % solution or less"
https://www.thegoodscentscompany.com/data/rw1011252.html,alpha-terpineol,2-(4-methyl-3-cyclohexen-1-yl)-2-propanol,2-(4-methyl-1-cyclohex-3-enyl)propan-2-ol,98-55-5,154.25266000,C10 H18 O,colorless viscous liquid to solid (est),96.00 to 100.00 sum of isomers,0.93000 to 0.93600 @  25.00 °C.,1.47400 to 1.48600 @  20.00 °C.,40.00 to   41.00 °C. @  760.00 mm Hg,"214.00 to  218.00 °C. @  760.00 mm Hg, 136.00 to  137.00 °C. @   50.00 mm Hg",191.00 °F. TCC (   88.33 °C. ),terpenic,medium
https://www.thegoodscentscompany.com/data/rw1011272.html,alpha-terpinyl acetate,2-(4-methyl-3-cyclohexen-1-yl)-2-propanyl acetate,2-(4-methyl-1-cyclohex-3-enyl)propan-2-yl acetate,80-26-2,196.28980000,C12 H20 O2,colorless clear liquid (est),96.00 to 100.00 sum of isomers,0.95500 to 0.96300 @  20.00 °C.,1.46300 to 1.46700 @  20.00 °C.,Tidak ditemukan,220.00 °C. @  760.00 mm Hg,211.00 °F. TCC (   99.44 °C. ),herbal,medium
https://www.thegoodscentscompany.com/data/ab1029391.html,ambrette seed absolute,abelmoschus moschatus seed absolute,hibiscus abelmoschus l. seed absolute,84455-19-6,Tidak ditemukan,Tidak ditemukan,pale yellow clear liquid (est),99.00 to 100.00,0.89800 to 0.90000 @  25.00 °C.,1.47000 to 1.47500 @  20.00 °C.,Tidak ditemukan,298.00 °C. @  755.00 mm Hg,188.00 °F. TCC (   86.67 °C. ),amber,"medium ,recommend smelling in a 10.00 % solution or less"
https://www.thegoodscentscompany.com/data/rw1004151.html,amyl butyrate,pentyl butyrate,pentyl butanoate,540-18-1,158.24086000,C9 H18 O2,colorless to pale yellow clear liquid (est),99.00 to 100.00 sum of isomers,0.86300 to 0.86600 @  25.00 °C.,1.40900 to 1.41400 @  20.00 °C.,-73.20 °C. @  760.00 mm Hg,"185.00 to  187.00 °C. @  760.00 mm Hg, 96.00 to   97.00 °C. @   50.00 mm Hg",154.00 °F. TCC (   67.78 °C. ),fruity,medium
https://www.thegoodscentscompany.com/data/rw1375541.html,anethol,1-methoxy-4-(1-propenyl)benzene,1-methoxy-4-prop-1-enylbenzene,104-46-1,148.20484000,C10 H12 O,colorless to pale yellow liquid to solid (est),98.00 to 100.00 sum of isomers,Tidak ditemukan,Tidak ditemukan,21.00 to   23.00 °C. @  760.00 mm Hg,"235.00 to  239.00 °C. @  760.00 mm Hg, 145.00 to  146.00 °C. @   50.00 mm Hg",191.00 °F. TCC (   88.40 °C. ) (est),licorice,Tidak ditemukan
https://www.thegoodscentscompany.com/data/rw1001272.html,para-anisaldehyde,p-methoxybenzaldehyde,4-methoxybenzaldehyde,123-11-5,136.15016000,C8 H8 O2,colorless to pale yellow clear oily liquid (est),98.00 to 100.00,1.11900 to 1.12600 @  25.00 °C.,1.57000 to 1.57400 @  20.00 °C.,-1.00 °C. @  760.00 mm Hg,"248.00 to  249.00 °C. @  760.00 mm Hg, 121.00 to  122.00 °C. @   10.00 mm Hg",228.00 °F. TCC (  108.89 °C. ),anisic,medium
https://www.thegoodscentscompany.com/data/rw1001491.html,benzaldehyde,artificial bitter almond oil,benzaldehyde,100-52-7,106.12402000,C7 H6 O,colorless to pale yellow clear liquid (est),98.00 to 100.00,1.04900 to 1.05500 @  15.00 °C.,1.54400 to 1.54600 @  20.00 °C.,-26.00 to  -25.00 °C. @  760.00 mm Hg,"62.00 to   63.00 °C. @   10.00 mm Hg, 178.00 to  179.00 °C. @  760.00 mm Hg",145.00 °F. TCC (   62.78 °C. ),fruity,"high ,recommend smelling in a 10.00 % solution or less"
https://www.thegoodscentscompany.com/data/rw1033731.html,benzoic acid,phenylcarboxylic acid,benzoic acid,65-85-0,122.12322000,C7 H6 O2,white crystalline powder (est),99.00 to 100.00,Tidak ditemukan,Tidak ditemukan,122.00 to  123.00 °C. @  760.00 mm Hg,"132.00 to  133.00 °C. @   10.00 mm Hg, 249.00 to  250.00 °C. @  760.00 mm Hg",250.00 °F. TCC (  121.11 °C. ),balsamic,low
https://www.thegoodscentscompany.com/data/rw1001612.html,benzyl acetate,"acetic acid, phenylmethyl ester",benzyl acetate,140-11-4,150.17710000,C9 H10 O2,colorless clear liquid (est),98.00 to 100.00,1.05900 to 1.06200 @  15.00 °C.,1.50000 to 1.50400 @  20.00 °C.,-51.00 to  -50.00 °C. @  760.00 mm Hg,"212.00 to  215.00 °C. @  760.00 mm Hg, 128.00 to  129.00 °C. @   50.00 mm Hg",203.00 °F. TCC (   95.00 °C. ),floral,medium
